{"v":"5.6.2","fr":60,"ip":0,"op":143,"w":340,"h":340,"nm":"06 - Heart","ddd":0,"assets":[{"id":"comp_0","layers":[{"ddd":0,"ind":1,"ty":4,"nm":"Dot1","sr":1,"ks":{"o":{"a":0,"k":100,"ix":11},"r":{"a":0,"k":0,"ix":10},"p":{"a":1,"k":[{"i":{"x":0,"y":1},"o":{"x":0.167,"y":0},"t":0,"s":[145.5,145,0],"to":[0,-26.667,0],"ti":[0,26.667,0]},{"t":30,"s":[145.5,-15,0]}],"ix":2},"a":{"a":0,"k":[0.5,0,0],"ix":1},"s":{"a":1,"k":[{"i":{"x":[0,0,0],"y":[1,1,1]},"o":{"x":[0.167,0.167,0.167],"y":[0.167,0.167,0]},"t":5,"s":[300,300,100]},{"t":30,"s":[0,0,100]}],"ix":6}},"ao":0,"shapes":[{"ty":"gr","it":[{"d":1,"ty":"el","s":{"a":0,"k":[20,20],"ix":2},"p":{"a":0,"k":[0,0],"ix":3},"nm":"Ellipse Path 1","mn":"ADBE Vector Shape - Ellipse","hd":false},{"ty":"fl","c":{"a":0,"k":[0.792156875134,0.098039217293,0.098039217293,1],"ix":4},"o":{"a":0,"k":100,"ix":5},"r":1,"bm":0,"nm":"Fill 1","mn":"ADBE Vector Graphic - Fill","hd":false},{"ty":"tr","p":{"a":0,"k":[0.5,0],"ix":2},"a":{"a":0,"k":[0,0],"ix":1},"s":{"a":0,"k":[100,100],"ix":3},"r":{"a":0,"k":0,"ix":6},"o":{"a":0,"k":100,"ix":7},"sk":{"a":0,"k":0,"ix":4},"sa":{"a":0,"k":0,"ix":5},"nm":"Transform"}],"nm":"Ellipse 1","np":2,"cix":2,"bm":0,"ix":1,"mn":"ADBE Vector Group","hd":false}],"ip":0,"op":31,"st":-7,"bm":0}]}],"layers":[{"ddd":0,"ind":1,"ty":0,"nm":"Dot1","refId":"comp_0","sr":1,"ks":{"o":{"a":0,"k":100,"ix":11},"r":{"a":0,"k":315,"ix":10},"p":{"a":0,"k":[170,161.808,0],"ix":2},"a":{"a":0,"k":[145,145,0],"ix":1},"s":{"a":0,"k":[102.4,102.4,100],"ix":6}},"ao":0,"w":290,"h":290,"ip":45,"op":76,"st":45,"bm":0},{"ddd":0,"ind":2,"ty":0,"nm":"Dot1","refId":"comp_0","sr":1,"ks":{"o":{"a":0,"k":100,"ix":11},"r":{"a":0,"k":270,"ix":10},"p":{"a":0,"k":[170,161.808,0],"ix":2},"a":{"a":0,"k":[145,145,0],"ix":1},"s":{"a":0,"k":[102.4,102.4,100],"ix":6}},"ao":0,"w":290,"h":290,"ip":45,"op":76,"st":45,"bm":0},{"ddd":0,"ind":3,"ty":0,"nm":"Dot1","refId":"comp_0","sr":1,"ks":{"o":{"a":0,"k":100,"ix":11},"r":{"a":0,"k":225,"ix":10},"p":{"a":0,"k":[170,161.808,0],"ix":2},"a":{"a":0,"k":[145,145,0],"ix":1},"s":{"a":0,"k":[102.4,102.4,100],"ix":6}},"ao":0,"w":290,"h":290,"ip":45,"op":76,"st":45,"bm":0},{"ddd":0,"ind":4,"ty":0,"nm":"Dot1","refId":"comp_0","sr":1,"ks":{"o":{"a":0,"k":100,"ix":11},"r":{"a":0,"k":180,"ix":10},"p":{"a":0,"k":[170,161.808,0],"ix":2},"a":{"a":0,"k":[145,145,0],"ix":1},"s":{"a":0,"k":[102.4,102.4,100],"ix":6}},"ao":0,"w":290,"h":290,"ip":45,"op":76,"st":45,"bm":0},{"ddd":0,"ind":5,"ty":0,"nm":"Dot1","refId":"comp_0","sr":1,"ks":{"o":{"a":0,"k":100,"ix":11},"r":{"a":0,"k":135,"ix":10},"p":{"a":0,"k":[170,161.808,0],"ix":2},"a":{"a":0,"k":[145,145,0],"ix":1},"s":{"a":0,"k":[102.4,102.4,100],"ix":6}},"ao":0,"w":290,"h":290,"ip":45,"op":76,"st":45,"bm":0},{"ddd":0,"ind":6,"ty":0,"nm":"Dot1","refId":"comp_0","sr":1,"ks":{"o":{"a":0,"k":100,"ix":11},"r":{"a":0,"k":90,"ix":10},"p":{"a":0,"k":[170,161.808,0],"ix":2},"a":{"a":0,"k":[145,145,0],"ix":1},"s":{"a":0,"k":[102.4,102.4,100],"ix":6}},"ao":0,"w":290,"h":290,"ip":45,"op":76,"st":45,"bm":0},{"ddd":0,"ind":7,"ty":0,"nm":"Dot1","refId":"comp_0","sr":1,"ks":{"o":{"a":0,"k":100,"ix":11},"r":{"a":0,"k":45,"ix":10},"p":{"a":0,"k":[170,161.808,0],"ix":2},"a":{"a":0,"k":[145,145,0],"ix":1},"s":{"a":0,"k":[102.4,102.4,100],"ix":6}},"ao":0,"w":290,"h":290,"ip":45,"op":76,"st":45,"bm":0},{"ddd":0,"ind":8,"ty":0,"nm":"Dot1","refId":"comp_0","sr":1,"ks":{"o":{"a":0,"k":100,"ix":11},"r":{"a":0,"k":0,"ix":10},"p":{"a":0,"k":[170,161.808,0],"ix":2},"a":{"a":0,"k":[145,145,0],"ix":1},"s":{"a":0,"k":[102.4,102.4,100],"ix":6}},"ao":0,"w":290,"h":290,"ip":45,"op":76,"st":45,"bm":0},{"ddd":0,"ind":9,"ty":4,"nm":"Heart Outlines 3","sr":1,"ks":{"o":{"a":1,"k":[{"i":{"x":[0.833],"y":[0.833]},"o":{"x":[0.167],"y":[0.167]},"t":45,"s":[100]},{"t":59,"s":[0]}],"ix":11},"r":{"a":0,"k":0,"ix":10},"p":{"a":0,"k":[170,169.602,0],"ix":2},"a":{"a":0,"k":[128.477,115.33,0],"ix":1},"s":{"a":1,"k":[{"i":{"x":[0,0,0],"y":[1,1,1]},"o":{"x":[0.167,0.167,0.167],"y":[0.167,0.167,0]},"t":45,"s":[87.04,87.04,100]},{"t":59,"s":[122.88,122.88,100]}],"ix":6}},"ao":0,"shapes":[{"ty":"gr","it":[{"ind":0,"ty":"sh","ix":1,"ks":{"a":0,"k":{"i":[[11.356,11.354],[16.046,0],[11.355,-11.354],[0,0],[0,0],[16.046,0],[11.312,-11.31],[-0.045,-16.046],[-11.355,-11.356],[0,0],[-1.563,0],[-1.194,1.194],[0,0],[0,16.047]],"o":[[-11.354,-11.357],[-16.044,0],[0,0],[0,0],[-11.356,-11.355],[-16,0],[-11.354,11.356],[0,16.044],[0,0],[1.195,1.196],[1.564,0],[0,0],[11.357,-11.357],[0.046,-16.043]],"v":[[90.914,-77.629],[48.479,-95.193],[5.999,-77.585],[0.069,-71.652],[-5.955,-77.676],[-48.481,-95.329],[-90.871,-77.768],[-108.432,-35.286],[-90.778,7.148],[-4.437,93.489],[-0.07,95.329],[4.298,93.536],[90.822,7.333],[108.431,-35.15]],"c":true},"ix":2},"nm":"Path 1","mn":"ADBE Vector Shape - Group","hd":false},{"ty":"fl","c":{"a":0,"k":[0.760784327984,0.0941176489,0.0941176489,1],"ix":4},"o":{"a":0,"k":100,"ix":5},"r":1,"bm":0,"nm":"Fill 1","mn":"ADBE Vector Graphic - Fill","hd":false},{"ty":"tr","p":{"a":0,"k":[128.477,115.33],"ix":2},"a":{"a":0,"k":[0,0],"ix":1},"s":{"a":0,"k":[100,100],"ix":3},"r":{"a":0,"k":0,"ix":6},"o":{"a":0,"k":100,"ix":7},"sk":{"a":0,"k":0,"ix":4},"sa":{"a":0,"k":0,"ix":5},"nm":"Transform"}],"nm":"Group 1","np":2,"cix":2,"bm":0,"ix":1,"mn":"ADBE Vector Group","hd":false}],"ip":45,"op":145,"st":40,"bm":0},{"ddd":0,"ind":10,"ty":4,"nm":"Heart Outlines 2","sr":1,"ks":{"o":{"a":0,"k":100,"ix":11},"r":{"a":0,"k":0,"ix":10},"p":{"a":0,"k":[170,169.602,0],"ix":2},"a":{"a":0,"k":[128.477,115.33,0],"ix":1},"s":{"a":1,"k":[{"i":{"x":[0.833,0.833,0.833],"y":[0.833,0.833,1]},"o":{"x":[0.167,0.167,0.167],"y":[0.167,0.167,0]},"t":43,"s":[87.04,87.04,100]},{"t":47,"s":[102.4,102.4,100]}],"ix":6,"x":"var $bm_rt;\nvar $bm_rt;\nvar amp, freq, decay, n, t, v;\ntry {\n    amp = div(effect('Scale - Overshoot')('ADBE Slider Control-0001'), 2.5), freq = div(effect('Scale - Bounce')('ADBE Slider Control-0001'), 20), decay = div(effect('Scale - Friction')('ADBE Slider Control-0001'), 20), n = 0, 0 < numKeys && (n = nearestKey(time).index, key(n).time > time && n--), t = 0 === n ? 0 : sub(time, key(n).time), $bm_rt = $bm_rt = 0 < n ? (v = velocityAtTime(sub(key(n).time, div(thisComp.frameDuration, 10))), add(value, div(mul(mul(div(v, 100), amp), Math.sin(mul(mul(mul(freq, t), 2), Math.PI))), Math.exp(mul(decay, t))))) : value;\n} catch (e$$4) {\n    $bm_rt = $bm_rt = value = value;\n}"}},"ao":0,"shapes":[{"ty":"gr","it":[{"ind":0,"ty":"sh","ix":1,"ks":{"a":0,"k":{"i":[[11.356,11.354],[16.046,0],[11.355,-11.354],[0,0],[0,0],[16.046,0],[11.312,-11.31],[-0.045,-16.046],[-11.355,-11.356],[0,0],[-1.563,0],[-1.194,1.194],[0,0],[0,16.047]],"o":[[-11.354,-11.357],[-16.044,0],[0,0],[0,0],[-11.356,-11.355],[-16,0],[-11.354,11.356],[0,16.044],[0,0],[1.195,1.196],[1.564,0],[0,0],[11.357,-11.357],[0.046,-16.043]],"v":[[90.914,-77.629],[48.479,-95.193],[5.999,-77.585],[0.069,-71.652],[-5.955,-77.676],[-48.481,-95.329],[-90.871,-77.768],[-108.432,-35.286],[-90.778,7.148],[-4.437,93.489],[-0.07,95.329],[4.298,93.536],[90.822,7.333],[108.431,-35.15]],"c":true},"ix":2},"nm":"Path 1","mn":"ADBE Vector Shape - Group","hd":false},{"ty":"fl","c":{"a":0,"k":[0.854901969433,0.105882354081,0.105882354081,1],"ix":4},"o":{"a":0,"k":100,"ix":5},"r":1,"bm":0,"nm":"Fill 1","mn":"ADBE Vector Graphic - Fill","hd":false},{"ty":"tr","p":{"a":0,"k":[128.477,115.33],"ix":2},"a":{"a":0,"k":[0,0],"ix":1},"s":{"a":0,"k":[100,100],"ix":3},"r":{"a":0,"k":0,"ix":6},"o":{"a":0,"k":100,"ix":7},"sk":{"a":0,"k":0,"ix":4},"sa":{"a":0,"k":0,"ix":5},"nm":"Transform"}],"nm":"Group 1","np":2,"cix":2,"bm":0,"ix":1,"mn":"ADBE Vector Group","hd":false}],"ip":45,"op":145,"st":40,"bm":0},{"ddd":0,"ind":11,"ty":4,"nm":"Heart Outlines","sr":1,"ks":{"o":{"a":0,"k":100,"ix":11},"r":{"a":0,"k":0,"ix":10},"p":{"a":0,"k":[170,169.602,0],"ix":2},"a":{"a":0,"k":[128.477,115.33,0],"ix":1},"s":{"a":1,"k":[{"i":{"x":[0,0,0],"y":[1,1,1]},"o":{"x":[0.167,0.167,0.167],"y":[0.167,0.167,0]},"t":24,"s":[102.4,102.4,100]},{"t":44,"s":[87.04,87.04,100]}],"ix":6}},"ao":0,"shapes":[{"ty":"gr","it":[{"ind":0,"ty":"sh","ix":1,"ks":{"a":0,"k":{"i":[[11.356,11.354],[16.046,0],[11.355,-11.354],[0,0],[0,0],[16.046,0],[11.312,-11.31],[-0.045,-16.046],[-11.355,-11.356],[0,0],[-1.563,0],[-1.194,1.194],[0,0],[0,16.047]],"o":[[-11.354,-11.357],[-16.044,0],[0,0],[0,0],[-11.356,-11.355],[-16,0],[-11.354,11.356],[0,16.044],[0,0],[1.195,1.196],[1.564,0],[0,0],[11.357,-11.357],[0.046,-16.043]],"v":[[90.914,-77.629],[48.479,-95.193],[5.999,-77.585],[0.069,-71.652],[-5.955,-77.676],[-48.481,-95.329],[-90.871,-77.768],[-108.432,-35.286],[-90.778,7.148],[-4.437,93.489],[-0.07,95.329],[4.298,93.536],[90.822,7.333],[108.431,-35.15]],"c":true},"ix":2},"nm":"Path 1","mn":"ADBE Vector Shape - Group","hd":false},{"ty":"fl","c":{"a":0,"k":[1,1,1,1],"ix":4},"o":{"a":0,"k":100,"ix":5},"r":1,"bm":0,"nm":"Fill 1","mn":"ADBE Vector Graphic - Fill","hd":false},{"ty":"tr","p":{"a":0,"k":[128.477,115.33],"ix":2},"a":{"a":0,"k":[0,0],"ix":1},"s":{"a":0,"k":[100,100],"ix":3},"r":{"a":0,"k":0,"ix":6},"o":{"a":0,"k":100,"ix":7},"sk":{"a":0,"k":0,"ix":4},"sa":{"a":0,"k":0,"ix":5},"nm":"Transform"}],"nm":"Group 1","np":2,"cix":2,"bm":0,"ix":1,"mn":"ADBE Vector Group","hd":false}],"ip":0,"op":45,"st":0,"bm":0}],"markers":[]}